-- MySQL dump 10.13  Distrib 8.0.46, for Linux (x86_64)
--
-- Host: localhost    Database: staype_booking_db
-- ------------------------------------------------------
-- Server version	8.0.46

/*!40101 SET @OLD_CHARACTER_SET_CLIENT=@@CHARACTER_SET_CLIENT */;
/*!40101 SET @OLD_CHARACTER_SET_RESULTS=@@CHARACTER_SET_RESULTS */;
/*!40101 SET @OLD_COLLATION_CONNECTION=@@COLLATION_CONNECTION */;
/*!50503 SET NAMES utf8mb4 */;
/*!40103 SET @OLD_TIME_ZONE=@@TIME_ZONE */;
/*!40103 SET TIME_ZONE='+00:00' */;
/*!40014 SET @OLD_UNIQUE_CHECKS=@@UNIQUE_CHECKS, UNIQUE_CHECKS=0 */;
/*!40014 SET @OLD_FOREIGN_KEY_CHECKS=@@FOREIGN_KEY_CHECKS, FOREIGN_KEY_CHECKS=0 */;
/*!40101 SET @OLD_SQL_MODE=@@SQL_MODE, SQL_MODE='NO_AUTO_VALUE_ON_ZERO' */;
/*!40111 SET @OLD_SQL_NOTES=@@SQL_NOTES, SQL_NOTES=0 */;

--
-- Current Database: `staype_booking_db`
--

CREATE DATABASE /*!32312 IF NOT EXISTS*/ `staype_booking_db` /*!40100 DEFAULT CHARACTER SET utf8mb4 COLLATE utf8mb4_0900_ai_ci */ /*!80016 DEFAULT ENCRYPTION='N' */;

USE `staype_booking_db`;

--
-- Dumping data for table `evaluacion_inquilino`
--

LOCK TABLES `evaluacion_inquilino` WRITE;
/*!40000 ALTER TABLE `evaluacion_inquilino` DISABLE KEYS */;
INSERT INTO `evaluacion_inquilino` (`evaluacion_inquilino_id`, `reserva_id`, `evaluado_por_usuario_id`, `score_riesgo`, `historial_reservas`, `observaciones`, `resultado`, `fecha_evaluacion`) VALUES (1,16,4,25,3,'Perfil básico revisado. El inquilino tiene varias solicitudes recientes, pero no presenta reservas rechazadas.','APROBADO','2026-05-25 00:26:47.026000'),(2,15,4,35,3,'El perfil tiene datos básicos, pero falta completar documento y teléfono.','OBSERVADO','2026-05-25 01:01:01.657000'),(3,15,4,30,3,'Perfil revisado, pero faltan algunos datos.','OBSERVADO','2026-05-25 01:34:41.898000'),(4,15,4,45,3,'El inquilino tiene correo verificado, pero falta completar documento y teléfono.','OBSERVADO','2026-05-25 01:40:09.242000'),(5,15,4,35,3,'Falta completar documento y teléfono.','OBSERVADO','2026-05-25 01:49:54.393000'),(6,15,4,90,3,'Estoy aprobando a pesar de que tiene riesgo alto para probar advertencias.','APROBADO','2026-05-25 02:13:47.905000'),(7,15,4,25,3,'Perfil revisado y sin alertas graves.','APROBADO','2026-05-25 02:14:23.736000'),(8,15,4,30,3,'Perfil revisado. Falta completar algunos datos.','OBSERVADO','2026-05-25 02:19:51.965000'),(9,14,4,20,3,'Por cuestiones de prueba sera aprobado','APROBADO','2026-05-25 03:17:59.662000'),(10,14,4,90,3,'Muchas irregularidades','RECHAZADO','2026-05-25 03:29:40.802000'),(11,15,4,20,3,NULL,'APROBADO','2026-05-25 03:44:40.801000'),(12,14,4,100,3,'El inquilino presenta alertas importantes. Se recomienda no aprobar sin información adicional.','RECHAZADO','2026-05-25 22:05:04.859000'),(13,17,2,70,4,'El inquilino presenta alertas importantes. Se recomienda no aprobar sin información adicional.','APROBADO','2026-05-26 21:22:04.709000'),(14,18,4,20,5,'El inquilino presenta alertas importantes. Se recomienda no aprobar sin información adicional.','APROBADO','2026-06-13 11:59:50.764000'),(15,20,2,70,7,'El inquilino presenta alertas importantes. Se recomienda no aprobar sin información adicional.','APROBADO','2026-06-13 23:54:38.091000'),(16,21,2,70,8,'El inquilino presenta alertas importantes. Se recomienda no aprobar sin información adicional.','APROBADO','2026-06-14 02:51:14.799000'),(17,23,10,70,1,'El inquilino presenta alertas importantes. Se recomienda no aprobar sin información adicional.','APROBADO','2026-06-19 12:59:47.871000'),(18,24,10,70,2,'El inquilino presenta alertas importantes. Se recomienda no aprobar sin información adicional.','APROBADO','2026-06-19 18:27:14.829000'),(19,27,2,70,11,'El inquilino presenta alertas importantes. Se recomienda no aprobar sin información adicional.','APROBADO','2026-06-19 22:35:04.134000'),(20,28,2,30,12,'El inquilino presenta alertas importantes. Se recomienda no aprobar sin información adicional.','APROBADO','2026-06-19 22:57:27.993000'),(21,31,10,70,5,'El inquilino presenta alertas importantes. Se recomienda no aprobar sin información adicional.','APROBADO','2026-06-21 23:34:59.689000'),(22,19,4,30,12,'El inquilino presenta alertas importantes, pero se regulariza dentro de 3 dias.','APROBADO','2026-06-21 23:49:35.381000'),(23,33,4,30,13,'El inquilino presenta alertas importantes pero se regularizara dentro de 3 dias.','APROBADO','2026-06-21 23:56:58.951000'),(24,11,2,70,13,'El inquilino presenta alertas importantes. Se recomienda no aprobar sin información adicional.','APROBADO','2026-06-22 21:16:08.274000'),(25,35,10,70,6,'El inquilino presenta alertas importantes. Se recomienda no aprobar sin información adicional.','APROBADO','2026-06-22 23:22:24.739000'),(26,14,4,10,3,NULL,'APROBADO','2026-06-22 23:30:33.014000'),(27,38,10,70,7,'El inquilino presenta alertas importantes. Se recomienda no aprobar sin información adicional.','APROBADO','2026-06-22 23:52:56.981000'),(28,37,2,70,1,'El inquilino presenta alertas importantes. Se recomienda no aprobar sin información adicional.','APROBADO','2026-06-23 00:00:08.033000'),(29,36,2,70,1,'El inquilino presenta alertas importantes. Se recomienda no aprobar sin información adicional.','RECHAZADO','2026-06-23 00:15:33.701000'),(30,40,2,70,14,'El inquilino presenta alertas importantes. Se recomienda no aprobar sin información adicional.','APROBADO','2026-06-23 01:34:51.558000'),(31,39,10,70,8,'El inquilino presenta alertas importantes. Se recomienda no aprobar sin información adicional.','APROBADO','2026-06-23 02:11:50.387000'),(32,41,4,30,1,'El inquilino presenta alertas importantes. Se recomienda no aprobar sin información adicional.','APROBADO','2026-06-23 03:47:42.786000'),(33,42,2,70,2,'El inquilino presenta alertas importantes. Se recomienda no aprobar sin información adicional.','RECHAZADO','2026-06-23 05:10:04.976000'),(34,42,2,0,2,NULL,'APROBADO','2026-06-23 05:10:23.755000'),(35,43,10,70,9,'El inquilino presenta alertas importantes. Se recomienda no aprobar sin información adicional.','APROBADO','2026-06-23 05:42:40.064000'),(36,44,10,70,10,'El inquilino presenta alertas importantes. Se recomienda no aprobar sin información adicional.','APROBADO','2026-06-23 06:25:57.346000'),(37,45,4,20,2,'El inquilino presenta alertas importantes. Se recomienda no aprobar sin información adicional.','APROBADO','2026-06-23 12:00:44.554000');
/*!40000 ALTER TABLE `evaluacion_inquilino` ENABLE KEYS */;
UNLOCK TABLES;

--
-- Dumping data for table `reserva`
--

LOCK TABLES `reserva` WRITE;
/*!40000 ALTER TABLE `reserva` DISABLE KEYS */;
INSERT INTO `reserva` (`reserva_id`, `inmueble_id`, `inquilino_id`, `estado_reserva`, `fecha_solicitud`, `fecha_inicio`, `fecha_fin`, `renta_pactada_mensual`, `monto_total_estimado`, `deposito_garantia`, `moneda`, `observacion_inquilino`, `observacion_gestor`, `motivo_rechazo`, `motivo_cancelacion`, `fecha_decision`, `gestionado_por_usuario_id`, `fecha_checkin`, `fecha_checkout`, `checkin_confirmado_por`, `checkout_confirmado_por`, `cancelado_por_usuario_id`, `fecha_cancelacion`, `created_at`, `updated_at`) VALUES (1,2,2,'APROBADA','2026-05-18 17:21:51.280000','2026-05-31','2026-06-09',2500.00,NULL,NULL,'PEN','Estoy interesado en reservar este inmueble.','Solicitud revisada y aprobada por cumplir con los requisitos básicos.',NULL,NULL,'2026-05-18 17:41:19.071000',2,NULL,NULL,NULL,NULL,NULL,NULL,'2026-05-18 17:21:51.280000','2026-05-18 17:41:19.071000'),(2,2,2,'APROBADA','2026-05-18 18:41:30.594000','2026-06-10','2026-06-19',2500.00,NULL,NULL,'PEN','Deseo solicitar este inmueble para una nueva fecha.','Solicitud aprobada por el administrador luego de revisar los datos del prospecto.',NULL,NULL,'2026-05-18 18:42:22.768000',1,NULL,NULL,NULL,NULL,NULL,NULL,'2026-05-18 18:41:30.594000','2026-05-18 18:42:22.768000'),(3,2,2,'RECHAZADA','2026-05-18 18:51:36.712000','2026-07-20','2026-07-24',2500.00,NULL,NULL,'PEN','Deseo solicitar el inmueble para estas fechas.','Se recomienda actualizar sus datos de perfil antes de volver a solicitar.','El prospecto no cumple con los requisitos básicos solicitados.',NULL,'2026-05-18 18:52:12.375000',1,NULL,NULL,NULL,NULL,NULL,NULL,'2026-05-18 18:51:36.712000','2026-05-18 18:52:12.375000'),(4,2,2,'APROBADA','2026-05-19 17:29:12.729000','2026-07-20','2026-07-24',2500.00,NULL,NULL,'PEN','Reserva para una junta directiva','Solicitud aprobada desde el panel de gestión.',NULL,NULL,'2026-05-19 22:17:19.250000',1,NULL,NULL,NULL,NULL,NULL,NULL,'2026-05-19 17:29:12.729000','2026-05-19 22:17:19.250000'),(5,4,2,'SOLICITADA','2026-05-19 18:42:54.266000','2026-06-17','2026-06-20',5000.00,NULL,NULL,'PEN','Alquilar para evento',NULL,NULL,NULL,NULL,NULL,NULL,NULL,NULL,NULL,NULL,NULL,'2026-05-19 18:42:54.266000','2026-05-19 18:42:54.266000'),(6,4,2,'SOLICITADA','2026-05-19 22:31:08.170000','2026-06-27','2026-06-29',5000.00,NULL,NULL,'PEN','Realizar un buffet',NULL,NULL,NULL,NULL,NULL,NULL,NULL,NULL,NULL,NULL,NULL,'2026-05-19 22:31:08.170000','2026-05-19 22:31:08.170000'),(7,2,2,'APROBADA','2026-05-19 22:32:40.348000','2026-07-31','2026-08-02',2500.00,NULL,NULL,'PEN','Quinceañero','OK, todo conforme',NULL,NULL,'2026-05-19 22:34:49.672000',1,NULL,NULL,NULL,NULL,NULL,NULL,'2026-05-19 22:32:40.348000','2026-05-19 22:34:49.672000'),(8,2,2,'CANCELADA','2026-05-19 23:53:37.197000','2026-08-09','2026-08-11',2500.00,NULL,NULL,'PEN',NULL,NULL,NULL,'Cambio de planes',NULL,NULL,NULL,NULL,NULL,NULL,2,'2026-06-22 21:08:05.202000','2026-05-19 23:53:37.197000','2026-06-22 21:08:05.202000'),(9,1,8,'APROBADA','2026-05-21 01:17:23.098000','2026-06-03','2026-06-07',3000.00,NULL,NULL,'PEN','Interesado en alquilar para almacenar productos textiles por cuatro dias','ok, necesito tus datos ahora.',NULL,NULL,'2026-05-21 01:34:31.607000',2,NULL,NULL,NULL,NULL,NULL,NULL,'2026-05-21 01:17:23.098000','2026-05-21 01:34:31.607000'),(10,1,8,'RECHAZADA','2026-05-21 01:36:04.950000','2026-07-31','2026-08-02',3000.00,NULL,NULL,'PEN','Necesito ocupar para un evento privado','Solicitud rechazada desde el panel de gestión.','No se podra, hay mantenimiento para esa fecha.',NULL,'2026-05-21 01:37:28.140000',2,NULL,NULL,NULL,NULL,NULL,NULL,'2026-05-21 01:36:04.950000','2026-05-21 01:37:28.140000'),(11,1,8,'APROBADA','2026-05-21 01:42:22.169000','2026-05-24','2026-05-26',3000.00,NULL,NULL,'PEN','porfa','Solicitud aprobada desde el panel de gestión.',NULL,NULL,'2026-06-22 21:47:22.192000',2,NULL,NULL,NULL,NULL,NULL,NULL,'2026-05-21 01:42:22.169000','2026-06-22 21:47:22.192000'),(12,4,7,'SOLICITADA','2026-05-22 19:13:49.494000','2026-05-21','2026-05-23',5000.00,NULL,NULL,'PEN',NULL,NULL,NULL,NULL,NULL,NULL,NULL,NULL,NULL,NULL,NULL,NULL,'2026-05-22 19:13:49.494000','2026-05-22 19:13:49.494000'),(13,7,4,'SOLICITADA','2026-05-24 23:21:10.152000','2026-05-24','2026-05-29',3000.00,NULL,NULL,'PEN',NULL,NULL,NULL,NULL,NULL,NULL,NULL,NULL,NULL,NULL,NULL,NULL,'2026-05-24 23:21:10.152000','2026-05-24 23:21:10.152000'),(14,10,9,'APROBADA','2026-05-25 00:15:56.418000','2026-05-24','2026-05-26',999.00,NULL,NULL,'PEN',NULL,'Solicitud aprobada desde el panel de gestión.',NULL,NULL,'2026-06-22 23:30:50.322000',4,NULL,NULL,NULL,NULL,NULL,NULL,'2026-05-25 00:15:56.418000','2026-06-22 23:30:50.322000'),(15,9,9,'FINALIZADA','2026-05-25 00:16:14.373000','2026-05-24','2026-05-27',299.00,NULL,NULL,'PEN',NULL,'Solicitud aprobada desde el panel de gestión.',NULL,NULL,'2026-06-13 01:43:29.968000',4,'2026-06-13 01:45:13.006000','2026-06-13 01:46:13.601000',4,4,NULL,NULL,'2026-05-25 00:16:14.373000','2026-06-13 01:46:13.601000'),(16,8,9,'FINALIZADA','2026-05-25 00:16:28.145000','2026-05-24','2026-05-29',399.00,NULL,NULL,'PEN',NULL,'Solicitud revisada por el anfitrión.',NULL,NULL,'2026-05-25 00:42:44.744000',4,'2026-06-13 01:04:54.839000','2026-06-13 01:09:05.983000',4,4,NULL,NULL,'2026-05-25 00:16:28.145000','2026-06-13 01:09:05.983000'),(17,6,8,'FINALIZADA','2026-05-26 21:15:53.321000','2026-07-08','2026-07-10',2000.00,NULL,NULL,'PEN','Quiero reservar','Solicitud aprobada desde el panel de gestión.',NULL,NULL,'2026-05-26 21:22:58.470000',2,'2026-06-13 23:50:50.332000','2026-06-13 23:51:27.677000',2,2,NULL,NULL,'2026-05-26 21:15:53.321000','2026-06-13 23:51:27.677000'),(18,8,8,'FINALIZADA','2026-05-26 22:25:54.180000','2026-07-27','2026-07-30',399.00,NULL,NULL,'PEN',NULL,'Solicitud aprobada desde el panel de gestión.',NULL,NULL,'2026-06-13 12:00:57.434000',4,'2026-06-13 21:58:18.149000','2026-06-13 21:58:41.464000',4,4,NULL,NULL,'2026-05-26 22:25:54.180000','2026-06-13 21:58:41.464000'),(19,9,8,'ACTIVA','2026-06-13 23:48:12.049000','2026-07-13','2026-07-16',299.00,NULL,NULL,'PEN',NULL,'Solicitud aprobada desde el panel de gestión.',NULL,NULL,'2026-06-21 23:53:23.214000',4,'2026-06-21 23:54:30.247000',NULL,4,NULL,NULL,NULL,'2026-06-13 23:48:12.049000','2026-06-21 23:54:30.247000'),(20,1,8,'ACTIVA','2026-06-13 23:53:00.301000','2026-07-13','2026-07-24',3000.00,NULL,NULL,'PEN',NULL,'Solicitud aprobada desde el panel de gestión.',NULL,NULL,'2026-06-13 23:56:36.112000',2,'2026-06-14 01:41:54.485000',NULL,2,NULL,NULL,NULL,'2026-06-13 23:53:00.301000','2026-06-14 03:50:10.896000'),(21,6,8,'ACTIVA','2026-06-14 02:50:20.512000','2026-06-13','2026-06-18',2000.00,NULL,NULL,'PEN',NULL,'Solicitud aprobada desde el panel de gestión.',NULL,NULL,'2026-06-14 02:53:12.966000',2,'2026-06-14 02:54:47.029000',NULL,2,NULL,NULL,NULL,'2026-06-14 02:50:20.512000','2026-06-14 03:37:47.799000'),(22,17,4,'CANCELADA','2026-06-19 01:18:36.904000','2026-06-18','2026-06-24',3000.00,NULL,NULL,'PEN',NULL,NULL,NULL,'si',NULL,NULL,NULL,NULL,NULL,NULL,4,'2026-06-19 01:40:03.205000','2026-06-19 01:18:36.904000','2026-06-19 01:40:03.205000'),(23,17,13,'CANCELADA','2026-06-19 12:58:32.130000','2026-06-18','2026-06-19',3000.00,NULL,NULL,'PEN',NULL,'Solicitud aprobada desde el panel de gestión.',NULL,'Cancelación realizada por el inquilino','2026-06-19 13:00:04.527000',10,NULL,NULL,NULL,NULL,13,'2026-06-19 18:25:19.836000','2026-06-19 12:58:32.130000','2026-06-19 18:25:19.836000'),(24,17,13,'CANCELADA','2026-06-19 18:26:25.266000','2026-06-19','2026-06-20',3000.00,NULL,NULL,'PEN',NULL,'Solicitud aprobada desde el panel de gestión.',NULL,'Cancelación realizada por el inquilino','2026-06-19 18:27:28.250000',10,NULL,NULL,NULL,NULL,13,'2026-06-22 23:20:29.115000','2026-06-19 18:26:25.266000','2026-06-22 23:20:29.115000'),(25,10,8,'CANCELADA','2026-06-19 22:20:28.108000','2026-07-25','2026-07-27',999.00,NULL,NULL,'PEN',NULL,NULL,NULL,'Cancelación realizada por el inquilino',NULL,NULL,NULL,NULL,NULL,NULL,8,'2026-06-19 22:22:28.675000','2026-06-19 22:20:28.108000','2026-06-19 22:22:28.675000'),(26,2,8,'SOLICITADA','2026-06-19 22:23:07.397000','2026-08-06','2026-08-08',2500.00,NULL,NULL,'PEN',NULL,NULL,NULL,NULL,NULL,NULL,NULL,NULL,NULL,NULL,NULL,NULL,'2026-06-19 22:23:07.397000','2026-06-19 22:23:07.397000'),(27,19,8,'FINALIZADA','2026-06-19 22:34:09.685000','2026-06-20','2026-06-23',3000.00,NULL,NULL,'PEN','Estoy interesado para reservar en tres fechas.','Solicitud aprobada desde el panel de gestión.',NULL,NULL,'2026-06-19 22:36:32.218000',2,'2026-06-19 22:40:02.468000','2026-06-19 22:54:41.359000',2,2,NULL,NULL,'2026-06-19 22:34:09.685000','2026-06-19 22:54:41.359000'),(28,19,8,'ACTIVA','2026-06-19 22:56:22.622000','2026-06-21','2026-06-23',3000.00,NULL,NULL,'PEN',NULL,'Solicitud aprobada desde el panel de gestión.',NULL,NULL,'2026-06-19 22:57:54.173000',2,'2026-06-22 23:42:16.577000',NULL,2,NULL,NULL,NULL,'2026-06-19 22:56:22.622000','2026-06-22 23:42:16.577000'),(29,19,13,'CANCELADA','2026-06-21 23:25:30.670000','2026-06-18','2026-06-20',3097.50,NULL,NULL,'PEN',NULL,NULL,NULL,'Cancelación realizada por el inquilino',NULL,NULL,NULL,NULL,NULL,NULL,13,'2026-06-21 23:30:53.424000','2026-06-21 23:25:30.670000','2026-06-21 23:30:53.424000'),(30,2,13,'CANCELADA','2026-06-21 23:31:58.202000','2026-06-20','2026-06-21',2500.00,NULL,NULL,'PEN',NULL,NULL,NULL,'Cancelación realizada por el inquilino',NULL,NULL,NULL,NULL,NULL,NULL,13,'2026-06-21 23:32:28.157000','2026-06-21 23:31:58.202000','2026-06-21 23:32:28.157000'),(31,17,13,'FINALIZADA','2026-06-21 23:32:43.251000','2026-06-29','2026-07-09',3000.00,NULL,NULL,'PEN',NULL,'Solicitud aprobada desde el panel de gestión.',NULL,NULL,'2026-06-21 23:35:24.335000',10,'2026-06-21 23:44:24.437000','2026-06-22 23:16:58.278000',12,10,NULL,NULL,'2026-06-21 23:32:43.251000','2026-06-22 23:16:58.278000'),(32,19,2,'CANCELADA','2026-06-21 23:46:31.250000','2026-06-28','2026-06-29',3097.50,NULL,NULL,'PEN',NULL,NULL,NULL,'Cancelación realizada por el inquilino',NULL,NULL,NULL,NULL,NULL,NULL,2,'2026-06-21 23:46:53.558000','2026-06-21 23:46:31.250000','2026-06-21 23:46:53.558000'),(33,20,8,'ACTIVA','2026-06-21 23:56:14.325000','2026-06-28','2026-06-29',5000.00,NULL,NULL,'PEN',NULL,'Solicitud aprobada desde el panel de gestión.',NULL,NULL,'2026-06-21 23:57:11.376000',4,'2026-06-21 23:57:25.028000',NULL,4,NULL,NULL,NULL,'2026-06-21 23:56:14.325000','2026-06-21 23:57:25.028000'),(34,2,2,'SOLICITADA','2026-06-22 21:49:07.397000','2026-06-22','2026-06-26',2500.00,NULL,NULL,'PEN',NULL,NULL,NULL,NULL,NULL,NULL,NULL,NULL,NULL,NULL,NULL,NULL,'2026-06-22 21:49:07.397000','2026-06-22 21:49:07.397000'),(35,17,13,'CANCELADA','2026-06-22 23:21:46.937000','2026-06-20','2026-06-21',3000.00,NULL,NULL,'PEN',NULL,'Solicitud aprobada desde el panel de gestión.',NULL,'Cancelación realizada por el inquilino','2026-06-22 23:23:19.942000',10,NULL,NULL,NULL,NULL,13,'2026-06-22 23:43:45.623000','2026-06-22 23:21:46.937000','2026-06-22 23:43:45.623000'),(36,2,1,'RECHAZADA','2026-06-22 23:42:58.389000','2026-07-02','2026-07-16',2500.00,NULL,NULL,'PEN',NULL,'Solicitud rechazada desde el panel de gestión.','aaa',NULL,'2026-06-23 00:15:46.353000',2,NULL,NULL,NULL,NULL,NULL,NULL,'2026-06-22 23:42:58.389000','2026-06-23 00:15:46.353000'),(37,2,14,'APROBADA','2026-06-22 23:45:52.899000','2026-09-16','2026-11-27',2500.00,NULL,NULL,'PEN',NULL,'Solicitud aprobada desde el panel de gestión.',NULL,NULL,'2026-06-23 00:13:34.260000',2,NULL,NULL,NULL,NULL,NULL,NULL,'2026-06-22 23:45:52.899000','2026-06-23 00:13:34.260000'),(38,17,13,'CANCELADA','2026-06-22 23:52:14.985000','2026-06-16','2026-06-28',3000.00,NULL,NULL,'PEN',NULL,'Solicitud aprobada desde el panel de gestión.',NULL,'Cancelación realizada por el inquilino','2026-06-22 23:53:18.485000',10,NULL,NULL,NULL,NULL,13,'2026-06-23 00:09:55.669000','2026-06-22 23:52:14.985000','2026-06-23 00:09:55.669000'),(39,17,13,'FINALIZADA','2026-06-23 00:10:13.764000','2026-06-29','2026-07-02',3000.00,NULL,NULL,'PEN',NULL,'Solicitud aprobada desde el panel de gestión.',NULL,NULL,'2026-06-23 02:12:02.479000',10,'2026-06-23 04:01:02.654000','2026-06-23 04:01:46.199000',12,12,NULL,NULL,'2026-06-23 00:10:13.764000','2026-06-23 04:01:46.199000'),(40,2,8,'ACTIVA','2026-06-23 01:32:18.272000','2026-06-28','2026-06-29',2500.00,NULL,NULL,'PEN','Reserva','Solicitud aprobada desde el panel de gestión.',NULL,NULL,'2026-06-23 01:35:20.941000',2,'2026-06-23 01:36:05.316000',NULL,2,NULL,NULL,NULL,'2026-06-23 01:32:18.272000','2026-06-23 01:36:05.316000'),(41,10,3,'FINALIZADA','2026-06-23 03:43:25.338000','2026-06-22','2026-06-30',999.00,NULL,NULL,'PEN','Estoy interesado','Solicitud aprobada desde el panel de gestión.',NULL,NULL,'2026-06-23 03:47:54.801000',4,'2026-06-23 11:46:55.925000','2026-06-23 11:47:41.833000',4,4,NULL,NULL,'2026-06-23 03:43:25.338000','2026-06-23 11:47:41.833000'),(42,18,14,'RECHAZADA','2026-06-23 05:09:44.169000','2026-06-23','2026-06-24',2500.00,NULL,NULL,'PEN',NULL,'Solicitud rechazada desde el panel de gestión.','4545',NULL,'2026-06-23 05:10:32.878000',2,NULL,NULL,NULL,NULL,NULL,NULL,'2026-06-23 05:09:44.169000','2026-06-23 05:10:32.878000'),(43,24,13,'CANCELADA','2026-06-23 05:41:52.416000','2026-06-24','2026-06-26',3000.00,NULL,NULL,'PEN',NULL,'Solicitud aprobada desde el panel de gestión.',NULL,'Cancelación realizada por el inquilino','2026-06-23 05:42:52.559000',10,NULL,NULL,NULL,NULL,13,'2026-06-23 06:23:54.946000','2026-06-23 05:41:52.416000','2026-06-23 06:23:54.946000'),(44,24,13,'APROBADA','2026-06-23 06:25:08.610000','2026-06-25','2026-06-29',3000.00,NULL,NULL,'PEN',NULL,'Solicitud aprobada desde el panel de gestión.',NULL,NULL,'2026-06-23 06:26:12.270000',10,NULL,NULL,NULL,NULL,NULL,NULL,'2026-06-23 06:25:08.610000','2026-06-23 06:26:12.270000'),(45,8,3,'FINALIZADA','2026-06-23 12:00:16.756000','2026-06-16','2026-06-24',399.00,NULL,NULL,'PEN',NULL,'Solicitud aprobada desde el panel de gestión.',NULL,NULL,'2026-06-23 12:00:56.844000',4,'2026-07-13 04:24:05.000000','2026-07-13 04:28:50.000000',4,4,NULL,NULL,'2026-06-23 12:00:16.756000','2026-07-13 04:28:50.000000');
/*!40000 ALTER TABLE `reserva` ENABLE KEYS */;
UNLOCK TABLES;

--
-- Dumping data for table `reserva_evento`
--

LOCK TABLES `reserva_evento` WRITE;
/*!40000 ALTER TABLE `reserva_evento` DISABLE KEYS */;
INSERT INTO `reserva_evento` (`reserva_evento_id`, `reserva_id`, `usuario_id`, `tipo_evento`, `descripcion`, `fecha_evento`) VALUES (1,1,2,'SOLICITUD','El inquilino envió una solicitud de reserva.','2026-05-18 17:21:51.469000'),(2,1,2,'APROBACION','El gestor aprobó la solicitud de reserva.','2026-05-18 17:41:19.259000'),(3,2,2,'SOLICITUD','El inquilino envió una solicitud de reserva.','2026-05-18 18:41:30.789000'),(4,2,1,'APROBACION','El gestor aprobó la solicitud de reserva.','2026-05-18 18:42:22.952000'),(5,3,2,'SOLICITUD','El inquilino envió una solicitud de reserva.','2026-05-18 18:51:36.898000'),(6,3,1,'RECHAZO','El gestor rechazó la solicitud de reserva.','2026-05-18 18:52:12.559000'),(7,4,2,'SOLICITUD','El inquilino envió una solicitud de reserva.','2026-05-19 17:29:12.949000'),(8,5,2,'SOLICITUD','El inquilino envió una solicitud de reserva.','2026-05-19 18:42:54.465000'),(9,4,1,'APROBACION','El gestor aprobó la solicitud de reserva.','2026-05-19 22:17:19.450000'),(10,6,2,'SOLICITUD','El inquilino envió una solicitud de reserva.','2026-05-19 22:31:08.370000'),(11,7,2,'SOLICITUD','El inquilino envió una solicitud de reserva.','2026-05-19 22:32:40.534000'),(12,7,1,'APROBACION','El gestor aprobó la solicitud de reserva.','2026-05-19 22:34:49.864000'),(13,8,2,'SOLICITUD','El inquilino envió una solicitud de reserva.','2026-05-19 23:53:37.398000'),(14,9,8,'SOLICITUD','El inquilino envió una solicitud de reserva.','2026-05-21 01:17:23.266000'),(15,9,2,'APROBACION','El gestor aprobó la solicitud de reserva.','2026-05-21 01:34:31.769000'),(16,10,8,'SOLICITUD','El inquilino envió una solicitud de reserva.','2026-05-21 01:36:05.109000'),(17,10,2,'RECHAZO','El gestor rechazó la solicitud de reserva.','2026-05-21 01:37:28.301000'),(18,11,8,'SOLICITUD','El inquilino envió una solicitud de reserva.','2026-05-21 01:42:22.327000'),(19,12,7,'SOLICITUD','El inquilino envió una solicitud de reserva.','2026-05-22 19:13:49.697000'),(20,13,4,'SOLICITUD','El inquilino envió una solicitud de reserva.','2026-05-24 23:21:10.330000'),(21,14,9,'SOLICITUD','El inquilino envió una solicitud de reserva.','2026-05-25 00:15:56.595000'),(22,15,9,'SOLICITUD','El inquilino envió una solicitud de reserva.','2026-05-25 00:16:14.539000'),(23,16,9,'SOLICITUD','El inquilino envió una solicitud de reserva.','2026-05-25 00:16:28.312000'),(24,16,4,'APROBACION','El gestor aprobó la solicitud de reserva.','2026-05-25 00:42:44.907000'),(25,15,4,'NOTA','Evaluación de vetting registrada con resultado OBSERVADO y score de riesgo 35.','2026-05-25 01:01:01.989000'),(26,15,4,'NOTA','Evaluación de vetting registrada con resultado OBSERVADO y score de riesgo 30.','2026-05-25 01:34:42.239000'),(27,15,4,'NOTA','Evaluación de vetting registrada. Resultado: OBSERVADO. Score de riesgo: 45. Historial del inquilino: 3 solicitud(es). Observación: El inquilino tiene correo verificado, pero falta completar documento y teléfono.','2026-05-25 01:40:09.582000'),(28,15,4,'NOTA','Evaluación de vetting registrada. Resultado: OBSERVADO. Score de riesgo: 35. Historial del inquilino: 3 solicitud(es). Observación: Falta completar documento y teléfono.','2026-05-25 01:49:54.727000'),(29,15,4,'NOTA','Evaluación de vetting registrada. Resultado: APROBADO. Score de riesgo: 90. Historial del inquilino: 3 solicitud(es). Observación: Estoy aprobando a pesar de que tiene riesgo alto para probar advertencias.','2026-05-25 02:13:48.240000'),(30,15,4,'NOTA','Evaluación de vetting registrada. Resultado: APROBADO. Score de riesgo: 25. Historial del inquilino: 3 solicitud(es). Observación: Perfil revisado y sin alertas graves.','2026-05-25 02:14:24.071000'),(31,15,4,'NOTA','Evaluación de vetting registrada. Resultado: OBSERVADO. Score de riesgo: 30. Historial del inquilino: 3 solicitud(es). Observación: Perfil revisado. Falta completar algunos datos.','2026-05-25 02:19:52.134000'),(32,14,4,'NOTA','Evaluación de vetting registrada. Resultado: APROBADO. Score de riesgo: 20. Historial del inquilino: 3 solicitud(es). Observación: Por cuestiones de prueba sera aprobado','2026-05-25 03:17:59.830000'),(33,14,4,'NOTA','Evaluación de vetting registrada. Resultado: RECHAZADO. Score de riesgo: 90. Historial del inquilino: 3 solicitud(es). Observación: Muchas irregularidades','2026-05-25 03:29:40.966000'),(34,15,4,'NOTA','Evaluación de vetting registrada. Resultado: APROBADO. Score de riesgo: 20. Historial del inquilino: 3 solicitud(es).','2026-05-25 03:44:40.964000'),(35,14,4,'NOTA','Evaluación de vetting registrada. Resultado: RECHAZADO. Score de riesgo: 100. Historial del inquilino: 3 solicitud(es). Observación: El inquilino presenta alertas importantes. Se recomienda no aprobar sin información adicional.','2026-05-25 22:05:05.027000'),(36,17,8,'SOLICITUD','El inquilino envió una solicitud de reserva.','2026-05-26 21:15:53.491000'),(37,17,2,'NOTA','Evaluación de vetting registrada. Resultado: APROBADO. Score de riesgo: 70. Historial del inquilino: 4 solicitud(es). Observación: El inquilino presenta alertas importantes. Se recomienda no aprobar sin información adicional.','2026-05-26 21:22:04.875000'),(38,17,2,'APROBACION','El gestor aprobó la solicitud de reserva.','2026-05-26 21:22:58.632000'),(39,18,8,'SOLICITUD','El inquilino envió una solicitud de reserva.','2026-05-26 22:25:54.354000'),(40,16,4,'CHECKIN','El gestor confirmó el check-in del inquilino.','2026-06-13 01:04:55.174000'),(41,16,4,'CHECKOUT','El gestor confirmó el check-out del inquilino.','2026-06-13 01:09:06.308000'),(42,15,4,'APROBACION','El gestor aprobó la solicitud de reserva.','2026-06-13 01:43:30.141000'),(43,15,4,'CHECKIN','El gestor confirmó el check-in del inquilino.','2026-06-13 01:45:13.353000'),(44,15,4,'CHECKOUT','El gestor confirmó el check-out del inquilino.','2026-06-13 01:46:13.922000'),(45,18,4,'NOTA','Evaluación de vetting registrada. Resultado: APROBADO. Score de riesgo: 20. Historial del inquilino: 5 solicitud(es). Observación: El inquilino presenta alertas importantes. Se recomienda no aprobar sin información adicional.','2026-06-13 11:59:51.007000'),(46,18,4,'APROBACION','El gestor aprobó la solicitud de reserva.','2026-06-13 12:00:57.733000'),(47,18,4,'CHECKIN','El gestor confirmó el check-in del inquilino.','2026-06-13 21:58:18.511000'),(48,18,4,'CHECKOUT','El gestor confirmó el check-out del inquilino.','2026-06-13 21:58:41.863000'),(49,17,8,'EXTENSION','El inquilino envió una solicitud de extensión de la reserva.','2026-06-13 22:30:32.453000'),(50,19,8,'SOLICITUD','El inquilino envió una solicitud de reserva.','2026-06-13 23:48:12.227000'),(51,17,2,'CHECKIN','El gestor confirmó el check-in del inquilino.','2026-06-13 23:50:50.665000'),(52,17,2,'CHECKOUT','El gestor confirmó el check-out del inquilino.','2026-06-13 23:51:28.000000'),(53,20,8,'SOLICITUD','El inquilino envió una solicitud de reserva.','2026-06-13 23:53:00.460000'),(54,20,2,'NOTA','Evaluación de vetting registrada. Resultado: APROBADO. Score de riesgo: 70. Historial del inquilino: 7 solicitud(es). Observación: El inquilino presenta alertas importantes. Se recomienda no aprobar sin información adicional.','2026-06-13 23:54:38.249000'),(55,20,2,'APROBACION','El gestor aprobó la solicitud de reserva.','2026-06-13 23:56:36.268000'),(56,20,8,'EXTENSION','El inquilino envió una solicitud de extensión de la reserva.','2026-06-14 01:40:25.115000'),(57,20,2,'CHECKIN','El gestor confirmó el check-in del inquilino.','2026-06-14 01:41:54.817000'),(58,21,8,'SOLICITUD','El inquilino envió una solicitud de reserva.','2026-06-14 02:50:20.673000'),(59,21,2,'NOTA','Evaluación de vetting registrada. Resultado: APROBADO. Score de riesgo: 70. Historial del inquilino: 8 solicitud(es). Observación: El inquilino presenta alertas importantes. Se recomienda no aprobar sin información adicional.','2026-06-14 02:51:14.961000'),(60,21,2,'APROBACION','El gestor aprobó la solicitud de reserva.','2026-06-14 02:53:13.123000'),(61,21,2,'CHECKIN','El gestor confirmó el check-in del inquilino.','2026-06-14 02:54:47.353000'),(62,21,8,'EXTENSION','El inquilino envió una solicitud de extensión de la reserva.','2026-06-14 02:56:05.316000'),(63,21,2,'EXTENSION','La solicitud de extensión fue aprobada. La fecha final cambió de 2026-06-16 a 2026-06-18.','2026-06-14 02:57:53.901000'),(64,21,8,'EXTENSION','El inquilino envió una solicitud de extensión de la reserva.','2026-06-14 03:20:16.417000'),(65,21,2,'EXTENSION','La solicitud de extensión fue aprobada. La fecha final cambió de 2026-06-18 a 2026-06-19.','2026-06-14 03:37:47.959000'),(66,20,2,'EXTENSION','La solicitud de extensión fue aprobada. La fecha final cambió de 2026-07-17 a 2026-07-25.','2026-06-14 03:50:11.054000'),(67,22,4,'SOLICITUD','El inquilino envió una solicitud de reserva.','2026-06-19 01:18:37.620000'),(68,22,4,'CANCELACION','El inquilino canceló la reserva. Motivo: si','2026-06-19 01:40:03.911000'),(69,23,13,'SOLICITUD','El inquilino envió una solicitud de reserva.','2026-06-19 12:58:32.393000'),(70,23,10,'NOTA','Evaluación de vetting registrada. Resultado: APROBADO. Score de riesgo: 70. Historial del inquilino: 1 solicitud(es). Observación: El inquilino presenta alertas importantes. Se recomienda no aprobar sin información adicional.','2026-06-19 12:59:48.082000'),(71,23,10,'APROBACION','El gestor aprobó la solicitud de reserva.','2026-06-19 13:00:04.668000'),(72,23,13,'CANCELACION','El inquilino canceló la reserva. Motivo: Cancelación realizada por el inquilino','2026-06-19 18:25:20.038000'),(73,24,13,'SOLICITUD','El inquilino envió una solicitud de reserva.','2026-06-19 18:26:25.470000'),(74,24,10,'NOTA','Evaluación de vetting registrada. Resultado: APROBADO. Score de riesgo: 70. Historial del inquilino: 2 solicitud(es). Observación: El inquilino presenta alertas importantes. Se recomienda no aprobar sin información adicional.','2026-06-19 18:27:15.034000'),(75,24,10,'APROBACION','El gestor aprobó la solicitud de reserva.','2026-06-19 18:27:28.444000'),(76,25,8,'SOLICITUD','El inquilino envió una solicitud de reserva.','2026-06-19 22:20:28.280000'),(77,25,8,'CANCELACION','El inquilino canceló la reserva. Motivo: Cancelación realizada por el inquilino','2026-06-19 22:22:28.834000'),(78,26,8,'SOLICITUD','El inquilino envió una solicitud de reserva.','2026-06-19 22:23:07.558000'),(79,27,8,'SOLICITUD','El inquilino envió una solicitud de reserva.','2026-06-19 22:34:09.842000'),(80,27,2,'NOTA','Evaluación de vetting registrada. Resultado: APROBADO. Score de riesgo: 70. Historial del inquilino: 11 solicitud(es). Observación: El inquilino presenta alertas importantes. Se recomienda no aprobar sin información adicional.','2026-06-19 22:35:04.306000'),(81,27,2,'APROBACION','El gestor aprobó la solicitud de reserva.','2026-06-19 22:36:32.378000'),(82,27,2,'CHECKIN','El gestor confirmó el check-in del inquilino.','2026-06-19 22:40:02.790000'),(83,27,2,'CHECKOUT','El gestor confirmó el check-out del inquilino.','2026-06-19 22:54:41.682000'),(84,28,8,'SOLICITUD','El inquilino envió una solicitud de reserva.','2026-06-19 22:56:22.784000'),(85,28,2,'NOTA','Evaluación de vetting registrada. Resultado: APROBADO. Score de riesgo: 30. Historial del inquilino: 12 solicitud(es). Observación: El inquilino presenta alertas importantes. Se recomienda no aprobar sin información adicional.','2026-06-19 22:57:28.153000'),(86,28,2,'APROBACION','El gestor aprobó la solicitud de reserva.','2026-06-19 22:57:54.330000'),(87,29,13,'SOLICITUD','El inquilino envió una solicitud de reserva.','2026-06-21 23:25:30.737000'),(88,24,13,'EXTENSION','El inquilino envió una solicitud de extensión de la reserva.','2026-06-21 23:29:46.227000'),(89,29,13,'CANCELACION','El inquilino canceló la reserva. Motivo: Cancelación realizada por el inquilino','2026-06-21 23:30:53.485000'),(90,30,13,'SOLICITUD','El inquilino envió una solicitud de reserva.','2026-06-21 23:31:58.262000'),(91,30,13,'CANCELACION','El inquilino canceló la reserva. Motivo: Cancelación realizada por el inquilino','2026-06-21 23:32:28.219000'),(92,31,13,'SOLICITUD','El inquilino envió una solicitud de reserva.','2026-06-21 23:32:43.306000'),(93,31,10,'NOTA','Evaluación de vetting registrada. Resultado: APROBADO. Score de riesgo: 70. Historial del inquilino: 5 solicitud(es). Observación: El inquilino presenta alertas importantes. Se recomienda no aprobar sin información adicional.','2026-06-21 23:34:59.744000'),(94,31,10,'APROBACION','El gestor aprobó la solicitud de reserva.','2026-06-21 23:35:24.396000'),(95,31,12,'CHECKIN','El gestor confirmó el check-in del inquilino.','2026-06-21 23:44:24.558000'),(96,32,2,'SOLICITUD','El inquilino envió una solicitud de reserva.','2026-06-21 23:46:31.310000'),(97,32,2,'CANCELACION','El inquilino canceló la reserva. Motivo: Cancelación realizada por el inquilino','2026-06-21 23:46:53.620000'),(98,19,4,'NOTA','Evaluación de vetting registrada. Resultado: APROBADO. Score de riesgo: 30. Historial del inquilino: 12 solicitud(es). Observación: El inquilino presenta alertas importantes, pero se regulariza dentro de 3 dias.','2026-06-21 23:49:35.443000'),(99,19,4,'APROBACION','El gestor aprobó la solicitud de reserva.','2026-06-21 23:53:23.268000'),(100,19,4,'CHECKIN','El gestor confirmó el check-in del inquilino.','2026-06-21 23:54:30.355000'),(101,33,8,'SOLICITUD','El inquilino envió una solicitud de reserva.','2026-06-21 23:56:14.387000'),(102,33,4,'NOTA','Evaluación de vetting registrada. Resultado: APROBADO. Score de riesgo: 30. Historial del inquilino: 13 solicitud(es). Observación: El inquilino presenta alertas importantes pero se regularizara dentro de 3 dias.','2026-06-21 23:56:59.013000'),(103,33,4,'APROBACION','El gestor aprobó la solicitud de reserva.','2026-06-21 23:57:11.436000'),(104,33,4,'CHECKIN','El gestor confirmó el check-in del inquilino.','2026-06-21 23:57:25.150000'),(105,8,2,'CANCELACION','El inquilino canceló la reserva. Motivo: Cambio de planes','2026-06-22 21:08:05.280000'),(106,11,2,'NOTA','Evaluación de vetting registrada. Resultado: APROBADO. Score de riesgo: 70. Historial del inquilino: 13 solicitud(es). Observación: El inquilino presenta alertas importantes. Se recomienda no aprobar sin información adicional.','2026-06-22 21:16:08.335000'),(107,11,2,'APROBACION','El gestor aprobó la solicitud de reserva.','2026-06-22 21:47:22.265000'),(108,34,2,'SOLICITUD','El inquilino envió una solicitud de reserva.','2026-06-22 21:49:07.456000'),(109,31,10,'CHECKOUT','El gestor confirmó el check-out del inquilino.','2026-06-22 23:16:58.641000'),(110,24,13,'CANCELACION','El inquilino canceló la reserva. Motivo: Cancelación realizada por el inquilino','2026-06-22 23:20:29.173000'),(111,35,13,'SOLICITUD','El inquilino envió una solicitud de reserva.','2026-06-22 23:21:46.993000'),(112,35,10,'NOTA','Evaluación de vetting registrada. Resultado: APROBADO. Score de riesgo: 70. Historial del inquilino: 6 solicitud(es). Observación: El inquilino presenta alertas importantes. Se recomienda no aprobar sin información adicional.','2026-06-22 23:22:24.963000'),(113,35,10,'APROBACION','El gestor aprobó la solicitud de reserva.','2026-06-22 23:23:20.081000'),(114,14,4,'NOTA','Evaluación de vetting registrada. Resultado: APROBADO. Score de riesgo: 10. Historial del inquilino: 3 solicitud(es).','2026-06-22 23:30:33.069000'),(115,14,4,'APROBACION','El gestor aprobó la solicitud de reserva.','2026-06-22 23:30:50.376000'),(116,28,2,'CHECKIN','El gestor confirmó el check-in del inquilino.','2026-06-22 23:42:16.856000'),(117,36,1,'SOLICITUD','El inquilino envió una solicitud de reserva.','2026-06-22 23:42:58.529000'),(118,35,13,'CANCELACION','El inquilino canceló la reserva. Motivo: Cancelación realizada por el inquilino','2026-06-22 23:43:45.676000'),(119,37,14,'SOLICITUD','El inquilino envió una solicitud de reserva.','2026-06-22 23:45:53.038000'),(120,38,13,'SOLICITUD','El inquilino envió una solicitud de reserva.','2026-06-22 23:52:15.048000'),(121,38,10,'NOTA','Evaluación de vetting registrada. Resultado: APROBADO. Score de riesgo: 70. Historial del inquilino: 7 solicitud(es). Observación: El inquilino presenta alertas importantes. Se recomienda no aprobar sin información adicional.','2026-06-22 23:52:57.186000'),(122,38,10,'APROBACION','El gestor aprobó la solicitud de reserva.','2026-06-22 23:53:18.688000'),(123,37,2,'NOTA','Evaluación de vetting registrada. Resultado: APROBADO. Score de riesgo: 70. Historial del inquilino: 1 solicitud(es). Observación: El inquilino presenta alertas importantes. Se recomienda no aprobar sin información adicional.','2026-06-23 00:00:08.172000'),(124,38,13,'CANCELACION','El inquilino canceló la reserva. Motivo: Cancelación realizada por el inquilino','2026-06-23 00:09:55.729000'),(125,39,13,'SOLICITUD','El inquilino envió una solicitud de reserva.','2026-06-23 00:10:13.825000'),(126,37,2,'APROBACION','El gestor aprobó la solicitud de reserva.','2026-06-23 00:13:34.400000'),(127,36,2,'NOTA','Evaluación de vetting registrada. Resultado: RECHAZADO. Score de riesgo: 70. Historial del inquilino: 1 solicitud(es). Observación: El inquilino presenta alertas importantes. Se recomienda no aprobar sin información adicional.','2026-06-23 00:15:33.842000'),(128,36,2,'RECHAZO','El gestor rechazó la solicitud de reserva.','2026-06-23 00:15:46.493000'),(129,40,8,'SOLICITUD','El inquilino envió una solicitud de reserva.','2026-06-23 01:32:18.431000'),(130,40,2,'NOTA','Evaluación de vetting registrada. Resultado: APROBADO. Score de riesgo: 70. Historial del inquilino: 14 solicitud(es). Observación: El inquilino presenta alertas importantes. Se recomienda no aprobar sin información adicional.','2026-06-23 01:34:51.720000'),(131,40,2,'APROBACION','El gestor aprobó la solicitud de reserva.','2026-06-23 01:35:21.099000'),(132,40,2,'CHECKIN','El gestor confirmó el check-in del inquilino.','2026-06-23 01:36:05.634000'),(133,39,10,'NOTA','Evaluación de vetting registrada. Resultado: APROBADO. Score de riesgo: 70. Historial del inquilino: 8 solicitud(es). Observación: El inquilino presenta alertas importantes. Se recomienda no aprobar sin información adicional.','2026-06-23 02:11:50.445000'),(134,39,10,'APROBACION','El gestor aprobó la solicitud de reserva.','2026-06-23 02:12:02.537000'),(135,41,3,'SOLICITUD','El inquilino envió una solicitud de reserva.','2026-06-23 03:43:25.393000'),(136,41,4,'NOTA','Evaluación de vetting registrada. Resultado: APROBADO. Score de riesgo: 30. Historial del inquilino: 1 solicitud(es). Observación: El inquilino presenta alertas importantes. Se recomienda no aprobar sin información adicional.','2026-06-23 03:47:42.846000'),(137,41,4,'APROBACION','El gestor aprobó la solicitud de reserva.','2026-06-23 03:47:54.862000'),(138,39,12,'CHECKIN','El gestor confirmó el check-in del inquilino.','2026-06-23 04:01:02.775000'),(139,39,12,'CHECKOUT','El gestor confirmó el check-out del inquilino.','2026-06-23 04:01:46.319000'),(140,41,3,'EXTENSION','El inquilino envió una solicitud de extensión de la reserva.','2026-06-23 04:17:38.519000'),(141,41,4,'EXTENSION','La solicitud de extensión fue aprobada. La fecha final cambió de 2026-06-27 a 2026-07-01.','2026-06-23 04:23:18.490000'),(142,42,14,'SOLICITUD','El inquilino envió una solicitud de reserva.','2026-06-23 05:09:44.224000'),(143,42,2,'NOTA','Evaluación de vetting registrada. Resultado: RECHAZADO. Score de riesgo: 70. Historial del inquilino: 2 solicitud(es). Observación: El inquilino presenta alertas importantes. Se recomienda no aprobar sin información adicional.','2026-06-23 05:10:05.035000'),(144,42,2,'NOTA','Evaluación de vetting registrada. Resultado: APROBADO. Score de riesgo: 0. Historial del inquilino: 2 solicitud(es).','2026-06-23 05:10:23.816000'),(145,42,2,'RECHAZO','El gestor rechazó la solicitud de reserva.','2026-06-23 05:10:32.938000'),(146,43,13,'SOLICITUD','El inquilino envió una solicitud de reserva.','2026-06-23 05:41:52.653000'),(147,43,10,'NOTA','Evaluación de vetting registrada. Resultado: APROBADO. Score de riesgo: 70. Historial del inquilino: 9 solicitud(es). Observación: El inquilino presenta alertas importantes. Se recomienda no aprobar sin información adicional.','2026-06-23 05:42:40.264000'),(148,43,10,'APROBACION','El gestor aprobó la solicitud de reserva.','2026-06-23 05:42:53.694000'),(149,43,13,'CANCELACION','El inquilino canceló la reserva. Motivo: Cancelación realizada por el inquilino','2026-06-23 06:23:55.284000'),(150,44,13,'SOLICITUD','El inquilino envió una solicitud de reserva.','2026-06-23 06:25:08.811000'),(151,44,10,'NOTA','Evaluación de vetting registrada. Resultado: APROBADO. Score de riesgo: 70. Historial del inquilino: 10 solicitud(es). Observación: El inquilino presenta alertas importantes. Se recomienda no aprobar sin información adicional.','2026-06-23 06:25:57.557000'),(152,44,10,'APROBACION','El gestor aprobó la solicitud de reserva.','2026-06-23 06:26:12.504000'),(153,41,4,'CHECKIN','El gestor confirmó el check-in del inquilino.','2026-06-23 11:46:56.063000'),(154,41,4,'CHECKOUT','El gestor confirmó el check-out del inquilino.','2026-06-23 11:47:41.946000'),(155,45,3,'SOLICITUD','El inquilino envió una solicitud de reserva.','2026-06-23 12:00:16.820000'),(156,45,4,'NOTA','Evaluación de vetting registrada. Resultado: APROBADO. Score de riesgo: 20. Historial del inquilino: 2 solicitud(es). Observación: El inquilino presenta alertas importantes. Se recomienda no aprobar sin información adicional.','2026-06-23 12:00:44.608000'),(157,45,4,'APROBACION','El gestor aprobó la solicitud de reserva.','2026-06-23 12:00:56.906000'),(158,45,4,'CHECKIN','Check-in confirmado por el gestor.','2026-07-13 04:24:05.000000'),(159,45,4,'CHECKOUT','Check-out confirmado por el gestor.','2026-07-13 04:28:50.000000');
/*!40000 ALTER TABLE `reserva_evento` ENABLE KEYS */;
UNLOCK TABLES;

--
-- Dumping data for table `solicitud_extension`
--

LOCK TABLES `solicitud_extension` WRITE;
/*!40000 ALTER TABLE `solicitud_extension` DISABLE KEYS */;
INSERT INTO `solicitud_extension` (`solicitud_extension_id`, `reserva_id`, `solicitante_usuario_id`, `nueva_fecha_fin`, `motivo`, `estado`, `fecha_solicitud`, `fecha_decision`, `decidido_por_usuario_id`, `comentario_decision`) VALUES (1,17,8,'2026-07-12','Necesito permanecer dos semanas adicionales por motivos laborales.','PENDIENTE','2026-06-13 22:30:32.291000',NULL,NULL,NULL),(2,20,8,'2026-07-24','Por motivos de trabajo, deseo que se aplace una semana más.','APROBADA','2026-06-14 01:40:24.944000','2026-06-14 03:50:10.735000',2,'OK'),(3,21,8,'2026-06-17','Tema de viaje, y querer trabajar un par de dias','APROBADA','2026-06-14 02:56:05.152000','2026-06-14 02:57:53.575000',2,'Ok, si procede'),(4,21,8,'2026-06-18','Por atraso de viaje, quiero trabajar un dia adicional','APROBADA','2026-06-14 03:20:16.245000','2026-06-14 03:37:47.635000',2,'Listo, un día más por trabajo.'),(5,24,13,'2026-06-21',NULL,'PENDIENTE','2026-06-21 23:29:46.158000',NULL,NULL,NULL),(6,41,3,'2026-06-30','Se cancelo mi viaje','APROBADA','2026-06-23 04:17:38.436000','2026-06-23 04:23:18.375000',4,NULL);
/*!40000 ALTER TABLE `solicitud_extension` ENABLE KEYS */;
UNLOCK TABLES;
/*!40103 SET TIME_ZONE=@OLD_TIME_ZONE */;

/*!40101 SET SQL_MODE=@OLD_SQL_MODE */;
/*!40014 SET FOREIGN_KEY_CHECKS=@OLD_FOREIGN_KEY_CHECKS */;
/*!40014 SET UNIQUE_CHECKS=@OLD_UNIQUE_CHECKS */;
/*!40101 SET CHARACTER_SET_CLIENT=@OLD_CHARACTER_SET_CLIENT */;
/*!40101 SET CHARACTER_SET_RESULTS=@OLD_CHARACTER_SET_RESULTS */;
/*!40101 SET COLLATION_CONNECTION=@OLD_COLLATION_CONNECTION */;
/*!40111 SET SQL_NOTES=@OLD_SQL_NOTES */;

-- Dump completed on 2026-07-14 16:53:51
